"Komentar;Case_Folding;Normalization;Hasil_Stopword"
"TimeStamp Film br br a NCmE a Opening br a NCmE amp t a Peta Suara Sumatera Pilpres dan br a NCmE amp t a Pemecahan Papua menjadi Provinisi br a NCmE amp t a Penunjukan PJ Gubernur dan PJ Walikota Bupati dipilih Presiden br a NCmE amp t a Kewenangan yang dimiliki Jenderal Tito Karnavian br a NCmE amp t a Pelanggaran keputusan MK dalam penunjukan kepala daerah br a NCmE amp t a Relasi PJ Gubernur dengan presiden br a NCmE amp t a Kecenderungan tidak netral PJ Gubernur br a NCmE amp t a Kecenderungan tidak netral PJ Bupati br a NCmE amp t a Kewenangan PJ Kepala aerah melarang kampanye br a NCmE amp t a Kontroversi deklarasi desa bersatu untuk paslon tertentu br a NCmE amp t a Politisasi kasus penyelewengan dana desa br a NCmE amp t a Tekanan kepada kepala desa untuk mendukung paslon tertentu br a NCmE amp t a Fakta bansos jelang pemilu br a NCmE amp t a Gaji ASN Polri dan pensiunan PNS naik di br a NCmE amp t a Pengabaian data kemensos dalam penyaluran bansos br a NCmE amp t a Bansos digunakan sebagai alat politik br a NCmE amp t a Presiden tidak netral br a NCmE amp t a Presiden dan menteri menteri di pihak koalisi br a NCmE amp t a Bawaslu dan KP tidak profesional br a NCmE amp t a ugaan pelanggaran KP br a NCmE amp t a Hubungan putusan Mahkamah Konstitusi dan pelanggaran KP br a NCmE amp t a Ketua KP mendapat peringatan keras berkali kali br a NCmE amp t a Kontroversi putusan Mahkamah Konstitusi br a NCmE amp t a Closing dan kesimpulan ketiga ahli hukum tata negara;timestamp film br br a ncme a opening br a ncme amp t a peta suara sumatera pilpres dan br a ncme amp t a pemecahan papua menjadi provinisi br a ncme amp t a penunjukan pj gubernur dan pj walikota bupati dipilih presiden br a ncme amp t a kewenangan yang dimiliki jenderal tito karnavian br a ncme amp t a pelanggaran keputusan mk dalam penunjukan kepala daerah br a ncme amp t a relasi pj gubernur dengan presiden br a ncme amp t a kecenderungan tidak netral pj gubernur br a ncme amp t a kecenderungan tidak netral pj bupati br a ncme amp t a kewenangan pj kepala aerah melarang kampanye br a ncme amp t a kontroversi deklarasi desa bersatu untuk paslon tertentu br a ncme amp t a politisasi kasus penyelewengan dana desa br a ncme amp t a tekanan kepada kepala desa untuk mendukung paslon tertentu br a ncme amp t a fakta bansos jelang pemilu br a ncme amp t a gaji asn polri dan pensiunan pns naik di br a ncme amp t a pengabaian data kemensos dalam penyaluran bansos br a ncme amp t a bansos digunakan sebagai alat politik br a ncme amp t a presiden tidak netral br a ncme amp t a presiden dan menteri menteri di pihak koalisi br a ncme amp t a bawaslu dan kp tidak profesional br a ncme amp t a ugaan pelanggaran kp br a ncme amp t a hubungan putusan mahkamah konstitusi dan pelanggaran kp br a ncme amp t a ketua kp mendapat peringatan keras berkali kali br a ncme amp t a kontroversi putusan mahkamah konstitusi br a ncme amp t a closing dan kesimpulan ketiga ahli hukum tata negara;timestamp film baru baru a ncme a opening baru a ncme amp t a peta suara sumatera pilpres dan baru a ncme amp t a pemecahan papua menjadi provinisi baru a ncme amp t a penunjukan pj gubernur dan pj walikota bupati dipilih presiden baru a ncme amp t a kewenangan yang dimiliki jenderal tito karnavian baru a ncme amp t a pelanggaran keputusan mk dalam penunjukan kepala daerah baru a ncme amp t a relasi pj gubernur dengan presiden baru a ncme amp t a kecenderungan tidak netral pj gubernur baru a ncme amp t a kecenderungan tidak netral pj bupati baru a ncme amp t a kewenangan pj kepala aerah melarang kampanye baru a ncme amp t a kontroversi deklarasi desa bersatu untuk paslon tertentu baru a ncme amp t a politisasi kasus penyelewengan dana desa baru a ncme amp t a tekanan kepada kepala desa untuk mendukung paslon tertentu baru a ncme amp t a fakta bansos jelang pemilu baru a ncme amp t a gaji asn polri dan pensiunan pns naik di baru a ncme amp t a pengabaian data kemensos dalam penyaluran bansos baru a ncme amp t a bansos digunakan sebagai alat politik baru a ncme amp t a presiden tidak netral baru a ncme amp t a presiden dan menteri menteri di pihak koalisi baru a ncme amp t a bawaslu dan kp tidak profesional baru a ncme amp t a ugaan pelanggaran kp baru a ncme amp t a hubungan putusan mahkamah konstitusi dan pelanggaran kp baru a ncme amp t a ketua kp mendapat peringatan keras berkali kali baru a ncme amp t a kontroversi putusan mahkamah konstitusi baru a ncme amp t a closing dan kesimpulan ketiga ahli hukum tata negara;timestamp film baru baru a ncme a opening baru a ncme amp t a peta suara sumatera pilpres baru a ncme amp t a pemecahan papua menjadi provinisi baru a ncme amp t a penunjukan pj gubernur pj walikota bupati dipilih presiden baru a ncme amp t a kewenangan dimiliki jenderal tito karnavian baru a ncme amp t a pelanggaran keputusan mk penunjukan kepala daerah baru a ncme amp t a relasi pj gubernur presiden baru a ncme amp t a kecenderungan netral pj gubernur baru a ncme amp t a kecenderungan netral pj bupati baru a ncme amp t a kewenangan pj kepala aerah melarang kampanye baru a ncme amp t a kontroversi deklarasi desa bersatu paslon tertentu baru a ncme amp t a politisasi kasus penyelewengan dana desa baru a ncme amp t a tekanan kepala desa mendukung paslon tertentu baru a ncme amp t a fakta bansos jelang pemilu baru a ncme amp t a gaji asn polri pensiunan pns naik baru a ncme amp t a pengabaian data kemensos penyaluran bansos baru a ncme amp t a bansos digunakan alat politik baru a ncme amp t a presiden netral baru a ncme amp t a presiden menteri menteri pihak koalisi baru a ncme amp t a bawaslu kp profesional baru a ncme amp t a ugaan pelanggaran kp baru a ncme amp t a hubungan putusan mahkamah konstitusi pelanggaran kp baru a ncme amp t a ketua kp mendapat peringatan keras berkali kali baru a ncme amp t a kontroversi putusan mahkamah konstitusi baru a ncme amp t a closing kesimpulan ketiga ahli hukum tata negara"
"mantap;mantap;mantap;mantap"
"hei bung masyarakat indonesia sebagian besar itu memang menyuarakan ke sedangkan sebagian kecil masyarakat indonesia menyuarakan buat anda br lu juga buat film hnya sepihak dan niatan memang buat menjatuhkan pemerintahan presiden jokowi dan jajarannya munafik abis lu lu kira kebenaran itu ada pada lu br sebangsat bangsatnya gue tetap ingat Tuhan sebab KEBENARAN yg real itu ada pd THAN bukan lu br br nah lu kira film ini bisa menyadarkan masyarakat yg seharusnya sadar itu yg pilih aja mau maunya dibodohi film kek gini pinter boleh goblok jangan br lu ngomong curang semua paslon itu curang bung lu yg katanya pinter bikin ini film masa gak ngerti arti MANIPLASI KECRANGAN br makannya pinter boleh goblok jangan br fitnah lewat film kek gini memang luar biasa dosanya br Bukti yang katanya akurat dan valid aja belom bisa diloloskan dalam persidangan makanya manipulasi kecurangan itu ada pada kalian yg mau menjatuhkan pemerintahan presiden jokowi goblok kok dipake buat nyerang orang welas asih seperti jokowi cuma kelompok lu aja yg menentang pemerintahan lu kira presiden jokowi gk punya Tuhan Makanya pinter boleh goblok jangan br THAN ALLAH SWT YANG MAHA AIL SEAIL AILNYA YANG MAHA KASA LANGIT AN BMI YANG MAHA AHSYAT menolong orang yg kalian bilang tak adillah plonga plongolah curanglah cebonglah bodohlah PKI lah dan lain lain br kalian itu yg seharusnya sadar sesadar sadarnya justru film begini yg sebagian masyarakat yg tadinya di justru beralih anggap saja paslon br br kalian mau bicara nurani serahkan pada masyarakat aja yg pilih jagoan masing masing br ada masyarakat sebagian BESAR dan ada masyarakat sebagian kecil;hei bung masyarakat indonesia sebagian besar itu memang menyuarakan ke sedangkan sebagian kecil masyarakat indonesia menyuarakan buat anda br lu juga buat film hnya sepihak dan niatan memang buat menjatuhkan pemerintahan presiden jokowi dan jajarannya munafik abis lu lu kira kebenaran itu ada pada lu br sebangsat bangsatnya gue tetap ingat tuhan sebab kebenaran yg real itu ada pd than bukan lu br br nah lu kira film ini bisa menyadarkan masyarakat yg seharusnya sadar itu yg pilih aja mau maunya dibodohi film kek gini pinter boleh goblok jangan br lu ngomong curang semua paslon itu curang bung lu yg katanya pinter bikin ini film masa gak ngerti arti maniplasi kecrangan br makannya pinter boleh goblok jangan br fitnah lewat film kek gini memang luar biasa dosanya br bukti yang katanya akurat dan valid aja belom bisa diloloskan dalam persidangan makanya manipulasi kecurangan itu ada pada kalian yg mau menjatuhkan pemerintahan presiden jokowi goblok kok dipake buat nyerang orang welas asih seperti jokowi cuma kelompok lu aja yg menentang pemerintahan lu kira presiden jokowi gk punya tuhan makanya pinter boleh goblok jangan br than allah swt yang maha ail seail ailnya yang maha kasa langit an bmi yang maha ahsyat menolong orang yg kalian bilang tak adillah plonga plongolah curanglah cebonglah bodohlah pki lah dan lain lain br kalian itu yg seharusnya sadar sesadar sadarnya justru film begini yg sebagian masyarakat yg tadinya di justru beralih anggap saja paslon br br kalian mau bicara nurani serahkan pada masyarakat aja yg pilih jagoan masing masing br ada masyarakat sebagian besar dan ada masyarakat sebagian kecil;hei bung masyarakat indonesia sebagian besar itu memang menyuarakan ke sedangkan sebagian kecil masyarakat indonesia menyuarakan buat anda baru lu juga buat film hanya sepihak dan niatan memang buat menjatuhkan pemerintahan presiden jokowi dan jajarannya munafik habis lu lu kira kebenaran itu ada pada lu baru sebangsat bangsatnya saya tetap ingat tuhan sebab kebenaran yang real itu ada pada than bukan lu baru baru nah lu kira film ini bisa menyadarkan masyarakat yang seharusnya sadar itu yang pilih saja mau maunya dibodohi film seperti begini pinter boleh goblok jangan baru lu bicara curang semua paslon itu curang bung lu yang katanya pinter bikin ini film masa tidak mengerti arti maniplasi kecrangan baru makannya pinter boleh goblok jangan baru fitnah lewat film seperti begini memang luar biasa dosanya baru bukti yang katanya akurat dan valid saja belum bisa diloloskan dalam persidangan makanya manipulasi kecurangan itu ada pada kalian yang mau menjatuhkan pemerintahan presiden jokowi goblok kok di pakai buat nyerang orang welas asih seperti jokowi cuma kelompok lu saja yang menentang pemerintahan lu kira presiden jokowi tidak punya tuhan makanya pinter boleh goblok jangan baru than allah swt yang maha ail seail ailnya yang maha kasa langit an bmi yang maha ahsyat menolong orang yang kalian bilang tidak adillah plonga plongolah curanglah cebonglah bodohlah pki lah dan lain lain baru kalian itu yang seharusnya sadar sesadar sadarnya justru film begini yang sebagian masyarakat yang tadinya di justru beralih anggap saja paslon baru baru kalian mau bicara nurani serahkan pada masyarakat saja yang pilih jagoan masing masing baru ada masyarakat sebagian besar dan ada masyarakat sebagian kecil;hei bung masyarakat indonesia sebagian besar memang menyuarakan sedangkan sebagian kecil masyarakat indonesia menyuarakan buat baru lu buat film sepihak niatan memang buat menjatuhkan pemerintahan presiden jokowi jajarannya munafik habis lu lu kira kebenaran lu baru sebangsat bangsatnya tetap ingat tuhan kebenaran real ada than bukan lu baru baru nah lu kira film menyadarkan masyarakat sadar pilih mau maunya dibodohi film begini pinter goblok jangan baru lu bicara curang semua paslon curang bung lu katanya pinter bikin film masa mengerti arti maniplasi kecrangan baru makannya pinter goblok jangan baru fitnah lewat film begini memang luar biasa dosanya baru bukti katanya akurat valid belum bisa diloloskan persidangan makanya manipulasi kecurangan ada kalian mau menjatuhkan pemerintahan presiden jokowi goblok kok pakai buat nyerang orang welas asih jokowi cuma kelompok lu menentang pemerintahan lu kira presiden jokowi punya tuhan makanya pinter goblok jangan baru than allah swt maha ail seail ailnya maha kasa langit an bmi maha ahsyat menolong orang kalian bilang adillah plonga plongolah curanglah cebonglah bodohlah pki lah lain baru kalian yang seharusnya sadar sesadar sadarnya justru film begini yang sebagian masyarakat yang tadinya justru beralih anggap paslon baru baru kalian mau bicara nurani serahkan masyarakat yang pilih jagoan masing masing baru ada masyarakat sebagian besar ada masyarakat sebagian kecil"
"i tunggu part II nya pasca pemilu rekap suara deklarasi awal pengangkatan menteri hak angket waah banyak deh ayo bang observasi dulu biar J dokumen untuk anak cucu kita nanti;i tunggu part ii nya pasca pemilu rekap suara deklarasi awal pengangkatan menteri hak angket waah banyak deh ayo bang observasi dulu biar j dokumen untuk anak cucu kita nanti;i tunggu part ii nya pasca pemilu rekap suara deklarasi awal pengangkatan menteri hak angket waah banyak deh ayo bang observasi dahulu biar j dokumen untuk anak cucu kita nanti;i tunggu part ii nya pasca pemilu rekap suara deklarasi awal pengangkatan menteri hak angket waah banyak deh ayo bang observasi biar j dokumen anak cucu nanti"
"cemen kritikan gue dihapus cemenn;cemen kritikan gue dihapus cemenn;cemen kritikan saya dihapus cemenn;cemen kritikan dihapus cemenn"
"ini film dg actor dan scenario terburuk br niat mau nambah suara malah anjlok di bawah saja;ini film dg actor dan scenario terburuk br niat mau nambah suara malah anjlok di bawah saja;ini film dengan actor dan scenario terburuk baru niat mau nambah suara bahkan anjlok di bawah saja;film actor scenario terburuk baru niat mau nambah suara bahkan anjlok bawah"
"Makamah international membatalkan Prabowo Gibran president MANTAP;makamah international membatalkan prabowo gibran president mantap;makamah international membatalkan prabowo gibran president mantap;makamah international membatalkan prabowo gibran president mantap"
"Kalau indo perang saudara br Kabur ke mana br Australia;kalau indo perang saudara br kabur ke mana br australia;kalau indo perang saudara baru kabur ke mana baru australia;kalau indo perang saudara baru kabur mana baru australia"
"Film ini yg buat suara ganjar mahfud jeblok X br Nyuruh dosen gaji MR bikin film propaganda itu kesalahan fatal;film ini yg buat suara ganjar mahfud jeblok x br nyuruh dosen gaji mr bikin film propaganda itu kesalahan fatal;film ini yang buat suara ganjar mahfud jeblok x baru nyuruh dosen gaji mr bikin film propaganda itu kesalahan fatal;film yang buat suara ganjar mahfud jeblok x baru nyuruh dosen gaji mr bikin film propaganda kesalahan fatal"
"Siapapun presidennya yg penting dapat bansos;siapapun presidennya yg penting dapat bansos;siapapun presidennya yang penting dapat bansos;siapapun presidennya penting bansos"
"Menonton ulang video ini makin sadar sy lebih pintar;menonton ulang video ini makin sadar sy lebih pintar;menonton ulang video ini makin sadar saya lebih pintar;menonton ulang video makin sadar lebih pintar"
"jam yang sia sia ga ngerubah hasil;jam yang sia sia ga ngerubah hasil;jam yang sia sia tidak ngerubah hasil;jam sia sia ngerubah hasil"
"Politik paling bego;politik paling bego;politik paling bodoh;politik paling bodoh"
"Hanya demi melanggengkan kekuasaan;hanya demi melanggengkan kekuasaan;hanya demi melanggengkan kekuasaan;demi melanggengkan kekuasaan"
"Pemilu paling brutal di abad ini;pemilu paling brutal di abad ini;pemilu paling brutal di abad ini;pemilu paling brutal abad"
"iq otak udang tak bisa cerna isi video ini;iq otak udang tak bisa cerna isi video ini;iq otak udang tidak bisa cerna isi video ini;iq otak udang bisa cerna isi video"
"Katanya IQ tinggi masa gak menghargai suara rakyat itulah demokrasi jangan lu persekusi online kocak;katanya iq tinggi masa gak menghargai suara rakyat itulah demokrasi jangan lu persekusi online kocak;katanya iq tinggi masa tidak menghargai suara rakyat itulah demokrasi jangan lu persekusi daring kocak;katanya iq tinggi masa menghargai suara rakyat demokrasi jangan lu persekusi daring kocak"
"suritauladan betul kata socrates demokrasi bisa jadi dipenuhi orang bodoh yang memilih suara tanpa mengetahui lebih jauh kebutuhan negerinya;suritauladan betul kata socrates demokrasi bisa jadi dipenuhi orang bodoh yang memilih suara tanpa mengetahui lebih jauh kebutuhan negerinya;suritauladan betul kata socrates demokrasi bisa jadi dipenuhi orang bodoh yang memilih suara tanpa mengetahui lebih jauh kebutuhan negerinya;suritauladan betul kata socrates demokrasi jadi dipenuhi orang bodoh memilih suara mengetahui lebih jauh kebutuhan negerinya"
"suritauladan kalo masih belum paham sih udh ga tau lagi tuh iq nya berapa bro bro;suritauladan kalo masih belum paham sih udh ga tau lagi tuh iq nya berapa bro bro;suritauladan kalau masih belum paham sih sudah tidak tahu lagi tuh iq nya berapa bro bro;suritauladan kalau belum paham sih tidak tahu tuh iq nya berapa bro bro"
"Ngaku IQ tinggi tapi cari duit susah mau cari jabatan juga susah br Gw yakin ortu lo juga ga mau ngakuin kepinteran lo X;ngaku iq tinggi tapi cari duit susah mau cari jabatan juga susah br gw yakin ortu lo juga ga mau ngakuin kepinteran lo x;ngaku iq tinggi tapi cari uang susah mau cari jabatan juga susah baru saya yakin ortu lo juga tidak mau ngakuin kepinteran lo x;ngaku iq tinggi cari uang susah mau cari jabatan susah baru yakin ortu lo tidak mau ngakuin kepinteran lo x"
"ntung masih ada videonya dan gak dihapus;ntung masih ada videonya dan gak dihapus;ntung masih ada videonya dan tidak dihapus;ntung ada videonya tidak dihapus"
"saya datang terlambat kesini andai dulu nonton video ini;saya datang terlambat kesini andai dulu nonton video ini;saya datang terlambat kesini andai dahulu nonton video ini;datang terlambat kesini andai nonton video"
"Jangan memakan hal yg manis apalagi urusan presiden;jangan memakan hal yg manis apalagi urusan presiden;jangan memakan hal yang manis apalagi urusan presiden;jangan memakan yang manis urusan presiden"
"Rewatch;rewatch;rewatch;rewatch"
"MA NGAKAK IKASIH NIH VIIO BAT PILIH YANG CERAS MALAH PILIH SEMANGAT IRTY VOTE SEKARANG SAH TERBKTI TNGG SAMPAI TAHN BERIKTNYA AN SETERSNYA INONESIA BAKALAN SSAH;ma ngakak ikasih nih viio bat pilih yang ceras malah pilih semangat irty vote sekarang sah terbkti tngg sampai tahn beriktnya an setersnya inonesia bakalan ssah;sama ngakak ikasih nih viio bat pilih yang ceras bahkan pilih semangat irty vote sekarang sah terbkti tngg sampai tahn beriktnya an setersnya inonesia bakalan ssah;sama ngakak ikasih nih viio bat pilih ceras bahkan pilih semangat irty vote sekarang sah terbkti tngg tahn beriktnya an setersnya inonesia bakalan ssah"
"Menang merayakan br Kalah menjelaskan;menang merayakan br kalah menjelaskan;menang merayakan baru kalah menjelaskan;menang merayakan baru kalah menjelaskan"
"Menang mah jelasin jg lah bukan rayakan joget gajelas;menang mah jelasin jg lah bukan rayakan joget gajelas;menang mah jelasin juga lah bukan rayakan joget tidak jelas;menang mah jelasin lah bukan rayakan joget jelas"
"Lu gak nonton ya speechnya Paslon nomor setelah kepilih;lu gak nonton ya speechnya paslon nomor setelah kepilih;lu tidak nonton ya speechnya paslon nomor setelah kepilih;lu nonton speechnya paslon nomor kepilih"
"? ahmadimannudin udah menang ngapain dijelasin;? ahmadimannudin udah menang ngapain dijelasin;? ahmadimannudin sudah menang buat apa dijelasin;? ahmadimannudin menang buat apa dijelasin"
"Miris banget ngeliat negara yang kaya akan sumber daya alam nya tapi pemerintah nya goblok bukan maen;miris banget ngeliat negara yang kaya akan sumber daya alam nya tapi pemerintah nya goblok bukan maen;miris banget ngeliat negara yang kayak akan sumber daya alam nya tapi pemerintah nya goblok bukan maen;miris banget ngeliat negara kayak sumber daya alam nya pemerintah nya goblok bukan maen"
"klo lo pinter lo yg jd presiden kocak br Paling juga ortu lo nyesel ngelahirin anak cuman jd beban X;klo lo pinter lo yg jd presiden kocak br paling juga ortu lo nyesel ngelahirin anak cuman jd beban x;kalau lo pinter lo yang jadi presiden kocak baru paling juga ortu lo menyesal ngelahirin anak cuman jadi beban x;kalau lo pinter lo jadi presiden kocak baru paling ortu lo menyesal ngelahirin anak cuman jadi beban x"
"daunbiru gua udah kerja dan gua bukan beban ortu gua juga gak nyesel lahirin gua buktinya gua masih hidup sampai sekarang lu aja yang kocak bego;daunbiru gua udah kerja dan gua bukan beban ortu gua juga gak nyesel lahirin gua buktinya gua masih hidup sampai sekarang lu aja yang kocak bego;daunbiru saya sudah kerja dan saya bukan beban ortu saya juga tidak menyesal lahirin saya buktinya saya masih hidup sampai sekarang lu saja yang kocak bodoh;daunbiru sudah kerja bukan beban ortu juga menyesal lahirin buktinya saya masih hidup sekarang lu yang kocak bodoh"
"Ngaku ngga ada penulis bang tere liye yg terlibat di produksi film pendek ini Buku TBJP itu kisah nyata kan sebenernya Pdhl baru baca buku bbrp halaman doang ini ya Allah tp udah mangkel;ngaku ngga ada penulis bang tere liye yg terlibat di produksi film pendek ini buku tbjp itu kisah nyata kan sebenernya pdhl baru baca buku bbrp halaman doang ini ya allah tp udah mangkel;ngaku tidak ada penulis bang tere liye yang terlibat di produksi film pendek ini buku tbjp itu kisah nyata akan sebenarnya padahal baru baca buku beberapa halaman saja ini ya allah tapi sudah mangkel;ngaku ada penulis bang tere liye terlibat produksi film pendek buku tbjp kisah nyata sebenarnya padahal baru baca buku beberapa halaman ini allah sudah mangkel"
"ga mempan dek;ga mempan dek;tidak mempan dek;mempan dek"
"dan sekarang sudah mulai terasa KT naik pegasus alat penyadap dah masuk dan kita liat cawe quot keluarga yang mulia jokowi untuk pilgub di negeri nya paman usman Wakanda;dan sekarang sudah mulai terasa kt naik pegasus alat penyadap dah masuk dan kita liat cawe quot keluarga yang mulia jokowi untuk pilgub di negeri nya paman usman wakanda;dan sekarang sudah mulai terasa kata naik pegasus alat penyadap sudah masuk dan kita lihat cawe quot keluarga yang mulia jokowi untuk pilgub di negeri nya paman usman wakanda;sekarang mulai terasa kata naik pegasus alat penyadap masuk kita lihat cawe quot keluarga mulia jokowi pilgub negeri nya paman usman wakanda"
"Biarkan filem ini menjadi sejarah tuntunan atas kebenaran itu sendiri memanusiakan manusia seutuhnya tidak membela pihak mana pun;biarkan filem ini menjadi sejarah tuntunan atas kebenaran itu sendiri memanusiakan manusia seutuhnya tidak membela pihak mana pun;biarkan filem ini menjadi sejarah tuntunan atas kebenaran itu sendiri memanusiakan manusia seutuhnya tidak membela pihak mana pun;biarkan filem menjadi sejarah tuntunan atas kebenaran sendiri memanusiakan manusia seutuhnya membela pihak mana"
"ah kocak;ah kocak;ah kocak;ah kocak"
"Terimakasih;terimakasih;terima kasih;terima kasih"
"Film edukasi yang keren Mencerdaskan bangsa tentang kebusukan pemimpin negara saat ini Tapi kita bisa apa sekarang Tinggal tunggu pengadilan akhirat untuk pemimpin dzolim;film edukasi yang keren mencerdaskan bangsa tentang kebusukan pemimpin negara saat ini tapi kita bisa apa sekarang tinggal tunggu pengadilan akhirat untuk pemimpin dzolim;film edukasi yang keren mencerdaskan bangsa tentang kebusukan pemimpin negara saat ini tapi kita bisa apa sekarang tinggal tunggu pengadilan akhirat untuk pemimpin dzolim;film edukasi keren mencerdaskan bangsa kebusukan pemimpin negara ini kita apa sekarang tinggal tunggu pengadilan akhirat pemimpin dzolim"
"nanti kedepannya pasti yg jdi presiden dan wakil yg ada keturunan ama presiden sebelumnya buat apa demokrasi klo dari awal sudah di atur sekalian aja hpus demokrasi jdi negara raja;nanti kedepannya pasti yg jdi presiden dan wakil yg ada keturunan ama presiden sebelumnya buat apa demokrasi klo dari awal sudah di atur sekalian aja hpus demokrasi jdi negara raja;nanti kedepannya pasti yang jadi presiden dan wakil yang ada keturunan sama presiden sebelumnya buat apa demokrasi kalau dari awal sudah di atur sekalian saja hpus demokrasi jadi negara raja;kedepannya jadi presiden wakil yang ada keturunan sama presiden sebelumnya buat apa demokrasi kalau awal di atur sekalian hpus demokrasi jadi negara raja"
"wkwkwkw anu kepriwe jane ribet nemen;wkwkwkw anu kepriwe jane ribet nemen;wkwkwkw anu kepriwe jane rumit nemen;wkwkwkw kepriwe jane rumit nemen"
"FILM IRTY VOTE ISEBARKAN PAA MASA TENANG JELANG HARI quot H quot PENCOBLOSAN IKEMAS ENGAN HIMBAAN AGAR MELAKKAN PENGHKMAN YAA YA INILAH PROPAGANA LICIK BERKEOK EKASI TAPI JTA LEBIH RAKYAT INONESIA TELAH MENJAWABNYA ENGAN MENCOBLOS PRABOWO I TPS TPS PAA FEBRARI NGGL NTK PRABOWO GAGAL TOTAL NTK PROPAGANA LICIK;film irty vote isebarkan paa masa tenang jelang hari quot h quot pencoblosan ikemas engan himbaan agar melakkan penghkman yaa ya inilah propagana licik berkeok ekasi tapi jta lebih rakyat inonesia telah menjawabnya engan mencoblos prabowo i tps tps paa febrari nggl ntk prabowo gagal total ntk propagana licik;film irty vote isebarkan paa masa tenang jelang hari quot h quot pencoblosan ikemas engan himbaan agar melakkan penghkman ya ya inilah propagana licik berkeok ekasi tapi jta lebih rakyat inonesia telah menjawabnya engan mencoblos prabowo i tps tps paa febrari nggl ntk prabowo gagal total ntk propagana licik;film irty vote isebarkan paa masa tenang jelang hari quot h quot pencoblosan ikemas engan himbaan melakkan penghkman ya inilah propagana licik berkeok ekasi jta lebih rakyat inonesia menjawabnya engan mencoblos prabowo i tps tps paa febrari nggl ntk prabowo gagal total ntk propagana licik"
"piye kabare saiki rek;piye kabare saiki rek;piye kabare saiki rek;piye kabare saiki rek"
"JTA LEBIH RAKYAT INONESIA GAGAL ALAM MEMILIH PEMIMPIN;jta lebih rakyat inonesia gagal alam memilih pemimpin;jta lebih rakyat inonesia gagal alam memilih pemimpin;jta lebih rakyat inonesia gagal alam memilih pemimpin"
"Login;login;login;login"
"LANCAR JAYA MASEH br NASM MMET MMETO EWE CNG br Waakwkkwk;lancar jaya maseh br nasm mmet mmeto ewe cng br waakwkkwk;lancar jaya maseh baru nasm mmet mmeto ewe cng baru waakwkkwk;lancar jaya maseh baru nasm mmet mmeto ewe cng baru waakwkkwk"
"Kami sbg rakyat dari awal sudah yakin juga akan terjadi kecurangan seperti ini Penilaian sy Presiden ini bnyak bohongnya dan masalah aturan hukum sudah berada dlm saku celananya idlam saku bajunya penuh berisi uang Belum ada putaranpun kemenangan sdh berada pd salah satu paslon yg didukung presiden Jokowi Saya yakin dlm priode ini juga Gibran menjadi orang no sbg Presiden Indoneia yg terpopuler di dunia;kami sbg rakyat dari awal sudah yakin juga akan terjadi kecurangan seperti ini penilaian sy presiden ini bnyak bohongnya dan masalah aturan hukum sudah berada dlm saku celananya idlam saku bajunya penuh berisi uang belum ada putaranpun kemenangan sdh berada pd salah satu paslon yg didukung presiden jokowi saya yakin dlm priode ini juga gibran menjadi orang no sbg presiden indoneia yg terpopuler di dunia;kami sebagai rakyat dari awal sudah yakin juga akan terjadi kecurangan seperti ini penilaian saya presiden ini banyak bohongnya dan masalah aturan hukum sudah berasa dalam saku celananya idlam saku bajunya penuh berisi uang belum ada putaranpun kemenangan sudah berasa pada salah satu paslon yang didukung presiden jokowi saya yakin dalam priode ini juga gibran menjadi orang nomor sebagai presiden indoneia yang terpopuler di dunia;rakyat awal yakin akan terjadi kecurangan penilaian presiden banyak bohongnya masalah aturan hukum berasa saku celananya idlam saku bajunya penuh berisi uang ada putaranpun kemenangan berasa salah satu paslon didukung presiden jokowi yakin priode ini juga gibran menjadi orang nomor sebagai presiden indoneia terpopuler dunia"
"Kami sbg rakyat biasa aja tuh biar juta lebih jg;kami sbg rakyat biasa aja tuh biar juta lebih jg;kami sebagai rakyat biasa saja tuh biar juta lebih juga;sebagai rakyat biasa tuh biar juta lebih"
"Ini pilm yg sekarang ter jadi di indonesia;ini pilm yg sekarang ter jadi di indonesia;ini pilm yang sekarang ter jadi di indonesia;pilm sekarang ter jadi indonesia"
"Kalian semua yg komen dan ada disini sedang di giring ke saling benci satu sama lain bukannya secara gars besar politik itu tidak ada yg jujur siapapun itu selma ada di dunia politik jadi jngan lah terpecah belah semoga saja indonesia ini menjadi lebih baik;kalian semua yg komen dan ada disini sedang di giring ke saling benci satu sama lain bukannya secara gars besar politik itu tidak ada yg jujur siapapun itu selma ada di dunia politik jadi jngan lah terpecah belah semoga saja indonesia ini menjadi lebih baik;kalian semua yang komen dan ada disini sedang di giring ke saling benci satu sama lain bukannya secara gars besar politik itu tidak ada yang jujur siapapun itu selma ada di dunia politik jadi jangan lah terpecah belah semoga saja indonesia ini menjadi lebih baik;kalian semua komen disini sedang giring saling benci satu sama bukannya gars besar politik tidak yang jujur siapapun selma ada di dunia politik jadi jangan lah terpecah belah semoga indonesia menjadi lebih baik"
"politik bukan memilih siapa yang terbaik tapi memilih yang gak terlalu buruk;politik bukan memilih siapa yang terbaik tapi memilih yang gak terlalu buruk;politik bukan memilih siapa yang terbaik tapi memilih yang tidak terlalu buruk;politik bukan memilih siapa terbaik memilih tidak terlalu buruk"
"Taik;taik;taik;taik"
"dibayar ganjar piro leng;dibayar ganjar piro leng;dibayar ganjar piro leng;dibayar ganjar piro leng"
"Tapi tetep endinge podo karo battere lowbatt;tapi tetep endinge podo karo battere lowbatt;tapi tetap endinge podo karo battere lowbatt;tetap endinge podo karo battere lowbatt"
"Suhartoyo apakah dilobi;suhartoyo apakah dilobi;suhartoyo apakah dilobi;suhartoyo dilobi"
"b Sepertinya MK minta dibuatkan film khusus Lanjutkan ungkap dirty lainnya Rakyat muak dengan ketidakadilan b;b sepertinya mk minta dibuatkan film khusus lanjutkan ungkap dirty lainnya rakyat muak dengan ketidakadilan b;biasa sepertinya mk minta dibuatkan film khusus lanjutkan ungkap dirty lainnya rakyat muak dengan ketidakadilan biasa;biasa sepertinya mk minta dibuatkan film khusus lanjutkan ungkap dirty lainnya rakyat muak ketidakadilan biasa"
"Preketek rokyat rakyat huh sok sok yg paling ngerasa rakyat;preketek rokyat rakyat huh sok sok yg paling ngerasa rakyat;preketek rokyat rakyat huh sok sok yang paling merasa rakyat;preketek rokyat rakyat huh sok sok paling merasa rakyat"
"HaryoSenoWerkudoro Lha emang saya rakyat dan muak kok Anda pemuja pemerintah ya;haryosenowerkudoro lha emang saya rakyat dan muak kok anda pemuja pemerintah ya;haryosenowerkudoro lah memang saya rakyat dan muak kok anda pemuja pemerintah ya;haryosenowerkudoro lah memang rakyat muak kok pemuja pemerintah"
"TEREKAMChannel pemuja pemerintah ndasmu;terekamchannel pemuja pemerintah ndasmu;terekamchannel pemuja pemerintah ndasmu;terekamchannel pemuja pemerintah ndasmu"
"HaryoSenoWerkudoro Apa dong pemuja Prabowo;haryosenowerkudoro apa dong pemuja prabowo;haryosenowerkudoro apa dong pemuja prabowo;haryosenowerkudoro apa dong pemuja prabowo"
"? HaryoSenoWerkudoroskrg rakyat semuanya nanggung TAPERA pungli dr pemerintah semua yang berktp indo mah RAKYAT;? haryosenowerkudoroskrg rakyat semuanya nanggung tapera pungli dr pemerintah semua yang berktp indo mah rakyat;? haryosenowerkudoroskrg rakyat semuanya tanggung tapera pungli dari pemerintah semua yang berktp indo mah rakyat;? haryosenowerkudoroskrg rakyat semuanya tanggung tapera pungli pemerintah semua berktp indo mah rakyat"
"Tai tai;tai tai;tai tai;tai tai"
"knpa kalian gjd saksi kmrn krna kalian mengatakan di film ini bhwa data yg diambil objektif dan fakta hrsnya bsa dijadikan bukti kuat ketika saksi kmrn kan tp kenapa tidak ada satupun kalian yg hadir mnjadi saksi;knpa kalian gjd saksi kmrn krna kalian mengatakan di film ini bhwa data yg diambil objektif dan fakta hrsnya bsa dijadikan bukti kuat ketika saksi kmrn kan tp kenapa tidak ada satupun kalian yg hadir mnjadi saksi;kenapa kalian gjd saksi kemarin karena kalian mengatakan di film ini bhwa data yang diambil objektif dan fakta hrsnya bisa dijadikan bukti kuat ketika saksi kemarin akan tapi kenapa tidak ada satupun kalian yang hadir menjadi saksi;kalian gjd saksi kemarin kalian mengatakan film bhwa data diambil objektif fakta hrsnya dijadikan bukti kuat saksi kemarin tapi tidak satupun kalian hadir menjadi saksi"
"ini yang bikin film pihak nya siapa ya;ini yang bikin film pihak nya siapa ya;ini yang bikin film pihak nya siapa ya;yang bikin film pihak nya siapa"
"apakabar;apakabar;apakabar;apakabar"
"Bua ha ha hak cuiy konten sampah tai busuk di depan hidung tidak kecium terasi di pulau seberang diendus endus ?;bua ha ha hak cuiy konten sampah tai busuk di depan hidung tidak kecium terasi di pulau seberang diendus endus ?;bua ha ha hak cuiy konten sampah tai busuk di depan hidung tidak kecium terasi di pulau seberang diendus endus ?;bua ha ha hak cuiy konten sampah tai busuk depan hidung kecium terasi pulau seberang diendus endus ?"
"ah gagal;ah gagal;ah gagal;ah gagal"
"Semua kru tlg siapkan mental anda utk menyaksikan pelantikan pak Prabowo;semua kru tlg siapkan mental anda utk menyaksikan pelantikan pak prabowo;semua kru tlg siapkan mental anda untuk menyaksikan pelantikan pak prabowo;semua kru tlg siapkan mental untuk menyaksikan pelantikan pak prabowo"
"Film tai;film tai;film tai;film tai"
"an mereka si bodoh dan mereka yg munafik percaya pemeran dokumenter ini penyebar hoax br Padahal didepan mata fakta ini;an mereka si bodoh dan mereka yg munafik percaya pemeran dokumenter ini penyebar hoax br padahal didepan mata fakta ini;an mereka sih bodoh dan mereka yang munafik percaya pemeran dokumenter ini penyebar isu bohong baru padahal didepan mata fakta ini;an sih bodoh mereka munafik percaya pemeran dokumenter penyebar isu bohong baru padahal didepan mata fakta"
"Hah Wakwkwkk br omongan taeek taek;hah wakwkwkk br omongan taeek taek;hah wakwkwkk baru omongan taeek taek;hah wakwkwkk baru omongan taeek taek"
"Terima kasih atas keberanian Zainal Arifin Mochtar Bivitri Susanti Feri Amsari dan seluruh team yang terlibat dalam film dokumenter irty Vote yang sagat edukatif amp informatif ini br br Terima kasih Tuhan Yesus memberkati dan tolong negri tercinta kita ini;terima kasih atas keberanian zainal arifin mochtar bivitri susanti feri amsari dan seluruh team yang terlibat dalam film dokumenter irty vote yang sagat edukatif amp informatif ini br br terima kasih tuhan yesus memberkati dan tolong negri tercinta kita ini;terima kasih atas keberanian zainal arifin mochtar bivitri susanti feri amsari dan seluruh team yang terlibat dalam film dokumenter irty vote yang sagat edukatif amp informatif ini baru baru terima kasih tuhan yesus memberkati dan tolong negri tercinta kita ini;terima kasih atas keberanian zainal arifin mochtar bivitri susanti feri amsari seluruh team terlibat film dokumenter irty vote sagat edukatif amp informatif baru baru terima kasih tuhan yesus memberkati tolong negri tercinta ini"
"Film yg bikin rusuh;film yg bikin rusuh;film yang bikin rusuh;film bikin rusuh"
"Pada naif jir warga Netizen pada bereaksi cott;pada naif jir warga netizen pada bereaksi cott;pada naif jir warga netizen pada bereaksi cott;naif jir warga netizen bereaksi cott"
"Yang di butuhkan warga sipil mah edukasi passive income biar bisa survive di Real life yg keras kehidupannya;yang di butuhkan warga sipil mah edukasi passive income biar bisa survive di real life yg keras kehidupannya;yang di butuhkan warga sipil mah edukasi passive income biar bisa survive di real life yang keras kehidupannya;butuhkan warga sipil mah edukasi passive income biar survive di real life keras kehidupannya"
"terimakasih setelah menonton film ini saya tambah yakin untuk memilih pa prabowo karena bagi saya pasangan pasangan yg menyebarkan black kampaign itu adalah pasangan yg tidak layak utk dipilih Allahu Akbar;terimakasih setelah menonton film ini saya tambah yakin untuk memilih pa prabowo karena bagi saya pasangan pasangan yg menyebarkan black kampaign itu adalah pasangan yg tidak layak utk dipilih allahu akbar;terima kasih setelah menonton film ini saya tambah yakin untuk memilih bapak prabowo karena bagi saya pasangan pasangan yang menyebarkan black kampaign itu adalah pasangan yang tidak layak untuk dipilih allahu akbar;terima kasih menonton film tambah yakin memilih bapak prabowo bagi saya pasangan pasangan menyebarkan black kampaign adalah pasangan tidak layak dipilih allahu akbar"
"BACOT LO BZZER;bacot lo bzzer;bacot lo bzzer;bacot lo bzzer"
"? cherryababilspeaking bedanya apa sama lu buzer gblg;? cherryababilspeaking bedanya apa sama lu buzer gblg;? cherryababilspeaking bedanya apa sama lu buzer gblg;? cherryababilspeaking bedanya apa sama lu buzer gblg"
"tommydoang makanya kalo sekolah jangan bolos mulu jing;tommydoang makanya kalo sekolah jangan bolos mulu jing;tommydoang makanya kalau sekolah jangan bolos mulu jing;tommydoang makanya kalau sekolah jangan bolos mulu jing"
"pemilu berikutnya w uda tau siapa yg menang;pemilu berikutnya w uda tau siapa yg menang;pemilu berikutnya w sudah tahu siapa yang menang;pemilu berikutnya w tahu siapa menang"
"Film toblo bisa fitnah seumur menggiring opini pemikiran yang kalian asumsi itu adalah kenetralan inimah isinya propaganda bung halus kesannya yang di sampaikan tapi seperti bisa yang racunnya memecah belah gak bisa buat film yang isinya supaya Indonesia lebih maju gitu apa memajukan masyarakat Indonesia dengan kemandirian kek gmn netral isinya lah wong narasumbernya udah berpihak kamu sehat bang;film toblo bisa fitnah seumur menggiring opini pemikiran yang kalian asumsi itu adalah kenetralan inimah isinya propaganda bung halus kesannya yang di sampaikan tapi seperti bisa yang racunnya memecah belah gak bisa buat film yang isinya supaya indonesia lebih maju gitu apa memajukan masyarakat indonesia dengan kemandirian kek gmn netral isinya lah wong narasumbernya udah berpihak kamu sehat bang;film toblo bisa fitnah seumur menggiring opini pemikiran yang kalian asumsi itu adalah kenetralan ini mah isinya propaganda bung halus kesannya yang di sampaikan tapi seperti bisa yang racunnya memecah belah tidak bisa buat film yang isinya supaya indonesia lebih maju begitu apa memajukan masyarakat indonesia dengan kemandirian seperti bagaimana netral isinya lah orang narasumbernya sudah berpihak kamu sehat bang;film toblo fitnah seumur menggiring opini pemikiran kalian asumsi adalah kenetralan mah isinya propaganda bung halus kesannya di sampaikan racunnya memecah belah bisa buat film yang isinya indonesia lebih maju apa memajukan masyarakat indonesia kemandirian seperti bagaimana netral isinya lah orang narasumbernya berpihak kamu sehat bang"
"Org indonesia udh pinter quot alsan memilih bukan krna bantuan indo msih bnyk org yg mmbutuhkan bntuan knpa bantuan dri pemerintah di usut ikut pemilihan;org indonesia udh pinter quot alsan memilih bukan krna bantuan indo msih bnyk org yg mmbutuhkan bntuan knpa bantuan dri pemerintah di usut ikut pemilihan;orang indonesia sudah pinter quot alsan memilih bukan karena bantuan indo masih banyak orang yang mmbutuhkan bntuan kenapa bantuan dari pemerintah di usut ikut pemilihan;orang indonesia pinter quot alsan memilih bukan bantuan indo banyak orang mmbutuhkan bntuan bantuan pemerintah usut ikut pemilihan"
"FILM SAMPAH I;film sampah i;film sampah i;film sampah i"
"Kalah ya Yahhahaaha;kalah ya yahhahaaha;kalah ya yahhahaaha;kalah yahhahaaha"
"Iya iya elu menang sekarang bayar noh Tapera investasi IKN masih belum ad yg masuk pula kan elu mau berkelanjutan;iya iya elu menang sekarang bayar noh tapera investasi ikn masih belum ad yg masuk pula kan elu mau berkelanjutan;iya iya elu menang sekarang bayar noh tapera investasi ikn masih belum ada yang masuk pula akan elu mau berkelanjutan;iya iya elu menang sekarang bayar noh tapera investasi ikn belum yang masuk akan elu mau berkelanjutan"
"Masih mending film sexy killers yang kena semua La ini wkwkwkwkwk aja;masih mending film sexy killers yang kena semua la ini wkwkwkwkwk aja;masih mending film sexy killers yang kena semua lah ini wkwkwkwkwk saja;mending film sexy killers kena semua lah wkwkwkwkwk"
"Tahu kenapa Indonesia bisa dipimpin oleh orang yang sama selama tahun Karena rakyatnya malas berpolitik Merasa politik cuman mainan para birokrat mengacuhkannya begitu saja karena mereka merasa rakyat jelata yang tidak punya urgensi apa apa untuk berpolitik Yang terjadi para birokrat tersebut abai dari pengawasan rakyat pelayan itu lepas dari tuntutan rakyat sebagai majikannya Maka dibuatlah kebijakan yang ugal ugalan Rakyat tidak menyadarinya sampai tiba saatnya di masa hak mereka telah direnggut harga barang pokok naik tanpa diiringi kenaikan pdb perkapita tanah tanah adat dirampas keluarga mereka hilang kebebasan berpendapat begitu mahal nepotisme dimana mana dimana kekuasaan hanya dimiliki oleh segelintir keluarga saja dan kehidupan mereka dipersulit dengan kebijakan politik yang ada br br Pada akhirnya serangkaian skenario tsb menghasilkan akhir sebuah distopia di nekropolis kelaparan dan kemiskinan rakyat sengaja dipelihara oleh negara dengan tujuan agar saat pemerintah hadir di lautan kesengsaraan tsb rakyat menganggapnya pahlawan walaupun kehadirannya begitu singkat dan nasib mereka tidak berubah sama sekali Begitu seterusnya hingga negara tsb lagi lagi dipimpin oleh segelintir orang yang sama bahkan dengan terangan memuja menantunya untuk menjadi presiden kembali meneruskan tirani mertuanya di masa lalu br br Mereka tidak belajar dari masa lalu atau lebih tepatnya sengaja tidak dibiarkan belajar oleh negara agar golongan itu saja yang terus berkuasa Selain kemiskinan kebodohan juga perlu dipelihara agar mereka terus menerima kebutaan itu br br Maka benarlah kutipan Bertolt Brecht Buta terburuk adalah buta politik Karena orang yang buta akan politik bukan hanya mempersulit dirinya sendiri tapi juga mempersulit hidup orang lain dengan kebutaannya itu dan membiarkan para tirani yang sama terus berkuasa;tahu kenapa indonesia bisa dipimpin oleh orang yang sama selama tahun karena rakyatnya malas berpolitik merasa politik cuman mainan para birokrat mengacuhkannya begitu saja karena mereka merasa rakyat jelata yang tidak punya urgensi apa apa untuk berpolitik yang terjadi para birokrat tersebut abai dari pengawasan rakyat pelayan itu lepas dari tuntutan rakyat sebagai majikannya maka dibuatlah kebijakan yang ugal ugalan rakyat tidak menyadarinya sampai tiba saatnya di masa hak mereka telah direnggut harga barang pokok naik tanpa diiringi kenaikan pdb perkapita tanah tanah adat dirampas keluarga mereka hilang kebebasan berpendapat begitu mahal nepotisme dimana mana dimana kekuasaan hanya dimiliki oleh segelintir keluarga saja dan kehidupan mereka dipersulit dengan kebijakan politik yang ada br br pada akhirnya serangkaian skenario tsb menghasilkan akhir sebuah distopia di nekropolis kelaparan dan kemiskinan rakyat sengaja dipelihara oleh negara dengan tujuan agar saat pemerintah hadir di lautan kesengsaraan tsb rakyat menganggapnya pahlawan walaupun kehadirannya begitu singkat dan nasib mereka tidak berubah sama sekali begitu seterusnya hingga negara tsb lagi lagi dipimpin oleh segelintir orang yang sama bahkan dengan terangan memuja menantunya untuk menjadi presiden kembali meneruskan tirani mertuanya di masa lalu br br mereka tidak belajar dari masa lalu atau lebih tepatnya sengaja tidak dibiarkan belajar oleh negara agar golongan itu saja yang terus berkuasa selain kemiskinan kebodohan juga perlu dipelihara agar mereka terus menerima kebutaan itu br br maka benarlah kutipan bertolt brecht buta terburuk adalah buta politik karena orang yang buta akan politik bukan hanya mempersulit dirinya sendiri tapi juga mempersulit hidup orang lain dengan kebutaannya itu dan membiarkan para tirani yang sama terus berkuasa;tahu kenapa indonesia bisa dipimpin oleh orang yang sama selama tahun karena rakyatnya malas berpolitik merasa politik cuman mainan para birokrat mengacuhkannya begitu saja karena mereka merasa rakyat jelata yang tidak punya urgensi apa apa untuk berpolitik yang terjadi para birokrat tersebut abai dari pengawasan rakyat pelayan itu lepas dari tuntutan rakyat sebagai majikannya maka dibuatlah kebijakan yang ugal ugalan rakyat tidak menyadarinya sampai tiba saatnya di masa hak mereka telah direnggut harga barang pokok naik tanpa diiringi kenaikan pdb perkapita tanah tanah adat dirampas keluarga mereka hilang kebebasan berpendapat begitu mahal nepotisme dimana mana dimana kekuasaan hanya dimiliki oleh segelintir keluarga saja dan kehidupan mereka dipersulit dengan kebijakan politik yang ada baru baru pada akhirnya serangkaian skenario tersebut menghasilkan akhir sebuah distopia di nekropolis kelaparan dan kemiskinan rakyat sengaja dipelihara oleh negara dengan tujuan agar saat pemerintah hadir di lautan kesengsaraan tersebut rakyat menganggapnya pahlawan walaupun kehadirannya begitu singkat dan nasib mereka tidak berubah sama sekali begitu seterusnya hingga negara tersebut lagi lagi dipimpin oleh segelintir orang yang sama bahkan dengan terangan memuja menantunya untuk menjadi presiden kembali meneruskan tirani mertuanya di masa lalu baru baru mereka tidak belajar dari masa lalu atau lebih tepatnya sengaja tidak dibiarkan belajar oleh negara agar golongan itu saja yang terus berkuasa selain kemiskinan kebodohan juga perlu dipelihara agar mereka terus menerima kebutaan itu baru baru maka benarlah kutipan bertolt brecht buta terburuk adalah buta politik karena orang yang buta akan politik bukan hanya mempersulit dirinya sendiri tapi juga mempersulit hidup orang lain dengan kebutaannya itu dan membiarkan para tirani yang sama terus berkuasa;tahu indonesia dipimpin orang sama selama tahun rakyatnya malas berpolitik merasa politik cuman mainan birokrat mengacuhkannya merasa rakyat jelata punya urgensi apa apa berpolitik terjadi birokrat tersebut abai pengawasan rakyat pelayan lepas tuntutan rakyat majikannya dibuatlah kebijakan ugal ugalan rakyat menyadarinya tiba saatnya masa hak telah direnggut harga barang pokok naik diiringi kenaikan pdb perkapita tanah tanah adat dirampas keluarga hilang kebebasan berpendapat mahal nepotisme mana kekuasaan dimiliki segelintir keluarga saja kehidupan dipersulit kebijakan politik ada baru baru akhirnya serangkaian skenario tersebut menghasilkan akhir sebuah distopia nekropolis kelaparan kemiskinan rakyat sengaja dipelihara negara tujuan saat pemerintah hadir lautan kesengsaraan tersebut rakyat menganggapnya pahlawan walaupun kehadirannya singkat dan nasib tidak berubah sama sekali seterusnya hingga negara tersebut lagi dipimpin segelintir orang sama bahkan terangan memuja menantunya menjadi presiden meneruskan tirani mertuanya masa lalu baru baru mereka tidak belajar masa lalu lebih tepatnya sengaja tidak dibiarkan belajar negara golongan saja terus berkuasa kemiskinan kebodohan perlu dipelihara mereka terus menerima kebutaan baru baru benarlah kutipan bertolt brecht buta terburuk buta politik orang buta politik bukan mempersulit dirinya sendiri juga mempersulit hidup orang dengan kebutaannya dan membiarkan tirani sama terus berkuasa"
"Bang andhy n team Tolong dong riset soal partai terlebih partai feodal yg dr jaman gusdur sampe sekarang ketumnya ga ganti or kalo pun ada pergantian yg gantiin itu anak keluarganya Presiden n Wapres cuma bisa dicalonkan via parpol terus kita adain pemilu yg katanya demokratis berharap dr proses itu lahir pemimpin yg demokratis Logika saya gimana mungkin demokratis bakal lahir dr partai yg feodal Feodalisme memungkinkan penyakit semodel kkn tuk hidup karena segala sesuatu yg didasarkan bukan oleh ide gagasan yg kuat pasti hasil dr proses transaksional br br Rakyat dipaksa utk percaya n mengakui kalo salah satu fungsi parpil adalah memberikan pendidikan pollitik Tp sejauh ini pendidikan yg mereka ajarkan cuma soal politik uang transaksi mahalnya biaya pemilu jadiin negara sbg legitimasi proyek sementara rakyatnya masih tetep tolol soal politik ngedukung secara militan tanpa sadar dia ga dapet kecuali mungkin buzzer sepeser pun manfaat n bahkan berpotensi jadi korban jg Pihak yg bikin rakyat saling ribut toh berbagi proyek yg sama dikuasai oleh juragan yg sama Ibarat wayang meskioun saat kita nonton mereka pada ribut toh tidurnya satu peti jg br br Gw golput dr jaman gusdur pe sekarang tapi gw tetep mesti kena dampak kenaikan harga bbm ilusi kenaikan umr ga ada yg namanya kenaikan gaji yg ada cuma penyesuaian karena inflasi masih harus tunduk uu ite blabla apapun or siapapun yg lu pilih or lu golput lu mesti wajib tunduk sama produk politik hasil karya partai feodal ini So kayanya eksistensi parpol ini penting buat diteliti karena segala bentuk kerusakan yg ada di negara ini pasti berasal dr orang parpol karena cuma mereka yg punya kuasa utk menentukan siapa yg jd presiden siapa yg jd menteri n siapa yg jd pengawas konstitusi;bang andhy n team tolong dong riset soal partai terlebih partai feodal yg dr jaman gusdur sampe sekarang ketumnya ga ganti or kalo pun ada pergantian yg gantiin itu anak keluarganya presiden n wapres cuma bisa dicalonkan via parpol terus kita adain pemilu yg katanya demokratis berharap dr proses itu lahir pemimpin yg demokratis logika saya gimana mungkin demokratis bakal lahir dr partai yg feodal feodalisme memungkinkan penyakit semodel kkn tuk hidup karena segala sesuatu yg didasarkan bukan oleh ide gagasan yg kuat pasti hasil dr proses transaksional br br rakyat dipaksa utk percaya n mengakui kalo salah satu fungsi parpil adalah memberikan pendidikan pollitik tp sejauh ini pendidikan yg mereka ajarkan cuma soal politik uang transaksi mahalnya biaya pemilu jadiin negara sbg legitimasi proyek sementara rakyatnya masih tetep tolol soal politik ngedukung secara militan tanpa sadar dia ga dapet kecuali mungkin buzzer sepeser pun manfaat n bahkan berpotensi jadi korban jg pihak yg bikin rakyat saling ribut toh berbagi proyek yg sama dikuasai oleh juragan yg sama ibarat wayang meskioun saat kita nonton mereka pada ribut toh tidurnya satu peti jg br br gw golput dr jaman gusdur pe sekarang tapi gw tetep mesti kena dampak kenaikan harga bbm ilusi kenaikan umr ga ada yg namanya kenaikan gaji yg ada cuma penyesuaian karena inflasi masih harus tunduk uu ite blabla apapun or siapapun yg lu pilih or lu golput lu mesti wajib tunduk sama produk politik hasil karya partai feodal ini so kayanya eksistensi parpol ini penting buat diteliti karena segala bentuk kerusakan yg ada di negara ini pasti berasal dr orang parpol karena cuma mereka yg punya kuasa utk menentukan siapa yg jd presiden siapa yg jd menteri n siapa yg jd pengawas konstitusi;bang andhy dan team tolong dong riset soal partai terlebih partai feodal yang dari jaman gusdur sampai sekarang ketumnya tidak ganti or kalau pun ada pergantian yang gantiin itu anak keluarganya presiden dan wapres cuma bisa dicalonkan melalui parpol terus kita bikin pemilu yang katanya demokratis berharap dari proses itu lahir pemimpin yang demokratis logika saya bagaimana mungkin demokratis bakal lahir dari partai yang feodal feodalisme memungkinkan penyakit semodel kkn untuk hidup karena segala sesuatu yang didasarkan bukan oleh ide gagasan yang kuat pasti hasil dari proses transaksional baru baru rakyat dipaksa untuk percaya dan mengakui kalau salah satu fungsi parpil adalah memberikan pendidikan pollitik tapi sejauh ini pendidikan yang mereka ajarkan cuma soal politik uang transaksi mahalnya biaya pemilu jadikan negara sebagai legitimasi proyek sementara rakyatnya masih tetap tolol soal politik ngedukung secara militan tanpa sadar dia tidak dapat kecuali mungkin buzzer sepeser pun manfaat dan bahkan berpotensi jadi korban juga pihak yang bikin rakyat saling ribut toh berbagi proyek yang sama dikuasai oleh juragan yang sama ibarat wayang meskioun saat kita nonton mereka pada ribut toh tidurnya satu peti juga baru baru saya golput dari jaman gusdur pe sekarang tapi saya tetap mesti kena dampak kenaikan harga bbm ilusi kenaikan umr tidak ada yang namanya kenaikan gaji yang ada cuma penyesuaian karena inflasi masih harus tunduk uu ite blabla apapun or siapapun yang lu pilih or lu golput lu mesti wajib tunduk sama produk politik hasil karya partai feodal ini so kayaknya eksistensi parpol ini penting buat diteliti karena segala bentuk kerusakan yang ada di negara ini pasti berasal dari orang parpol karena cuma mereka yang punya kuasa untuk menentukan siapa yang jadi presiden siapa yang jadi menteri dan siapa yang jadi pengawas konstitusi;bang andhy team dong riset soal partai terlebih partai feodal jaman gusdur sekarang ketumnya ganti or kalau ada pergantian gantiin anak keluarganya presiden wapres cuma dicalonkan melalui parpol terus bikin pemilu katanya demokratis berharap proses lahir pemimpin demokratis logika bagaimana mungkin demokratis bakal lahir partai feodal feodalisme memungkinkan penyakit semodel kkn hidup segala didasarkan bukan ide gagasan kuat hasil proses transaksional baru baru rakyat dipaksa percaya mengakui kalau salah satu fungsi parpil memberikan pendidikan pollitik sejauh pendidikan ajarkan cuma soal politik uang transaksi mahalnya biaya pemilu jadikan negara legitimasi proyek rakyatnya tetap tolol soal politik ngedukung militan sadar kecuali mungkin buzzer sepeser manfaat bahkan berpotensi jadi korban pihak bikin rakyat saling ribut berbagi proyek sama dikuasai juragan sama ibarat wayang meskioun kita nonton pada ribut tidurnya satu peti baru baru golput jaman gusdur pe sekarang saya tetap mesti kena dampak kenaikan harga bbm ilusi kenaikan umr tidak ada namanya kenaikan gaji ada cuma penyesuaian inflasi harus tunduk uu ite blabla apapun or siapapun lu pilih or lu golput lu mesti wajib tunduk sama produk politik hasil karya partai feodal so kayaknya eksistensi parpol penting buat diteliti segala bentuk kerusakan ada negara pasti berasal dari orang parpol cuma mereka punya kuasa menentukan siapa jadi presiden siapa yang jadi menteri siapa yang jadi pengawas konstitusi"
"KALIAN BER SAH BERJANG KALIAN TELAH BERSAHA MENJAGA EMOKRASI MENJAGA KETHAN AN KONSISTENSI ATAS KONSTITSI TETAPI IKALAHKAN OLEH MANSIA TAK BERTANGGNG JAWAB YANG AMBISI LM KEPENTINGAN KELARGA NYA SEHINGGA MEMPERKOSA KONSTITSI AN MENERABAS HKM TAK MENGAPA PENGAILAN I MAHKAMAH AMBRAL KITA HANYA TNGG MASA PENGAILAN I AKHIRAT SAJA KARNA INI MENYANGKT KETHAN AN KONSISTENSI KONSTITSIONAL YG ARI AHL TELAH I JANGKAN OLEH PAHLAWAN KITA ALLAH MAHA MELIHAT LAGI MAHA MENGETAHI AN KITA SEMA YG MELIHAT INI AKAN MEMINTA PERTANGGNG JAWABAN MEREKA I AKHIRAT NNTI SEE TO AKHIRAT HAKIM MK YG MENGESAHKAN GIBRAN LOLOS;kalian ber sah berjang kalian telah bersaha menjaga emokrasi menjaga kethan an konsistensi atas konstitsi tetapi ikalahkan oleh mansia tak bertanggng jawab yang ambisi lm kepentingan kelarga nya sehingga memperkosa konstitsi an menerabas hkm tak mengapa pengailan i mahkamah ambral kita hanya tngg masa pengailan i akhirat saja karna ini menyangkt kethan an konsistensi konstitsional yg ari ahl telah i jangkan oleh pahlawan kita allah maha melihat lagi maha mengetahi an kita sema yg melihat ini akan meminta pertanggng jawaban mereka i akhirat nnti see to akhirat hakim mk yg mengesahkan gibran lolos;kalian ber sah berjang kalian telah bersaha menjaga emokrasi menjaga kethan an konsistensi atas konstitsi tetapi ikalahkan oleh mansia tidak bertanggng jawab yang ambisi lm kepentingan kelarga nya sehingga memperkosa konstitsi an menerabas hkm tidak mengapa pengailan i mahkamah ambral kita hanya tngg masa pengailan i akhirat saja karena ini menyangkt kethan an konsistensi konstitsional yang ari ahl telah i jangkan oleh pahlawan kita allah maha melihat lagi maha mengetahi an kita sema yang melihat ini akan meminta pertanggng jawaban mereka i akhirat nanti see to akhirat hakim mk yang mengesahkan gibran lolos;kalian ber sah berjang kalian bersaha menjaga emokrasi menjaga kethan an konsistensi atas konstitsi ikalahkan mansia bertanggng jawab ambisi lm kepentingan kelarga nya memperkosa konstitsi an menerabas hkm mengapa pengailan i mahkamah ambral hanya tngg masa pengailan i akhirat karena menyangkt kethan an konsistensi konstitsional ari ahl i jangkan pahlawan allah maha melihat maha mengetahi an sema melihat akan meminta pertanggng jawaban i akhirat see to akhirat hakim mk mengesahkan gibran lolos"
"irty fote orang gak waras;irty fote orang gak waras;irty fote orang tidak waras;irty fote orang waras"
"Buta;buta;buta;buta"
"PALING NGAKAK GW SAMA NIH FILM H JELEK JELEKIN MALAH MENANG KASIHAN GW SAMA YG BIKIN NIH FILM H NGELARIN ANA BANYAK BAT BIKIN NIH FILM MALAH;paling ngakak gw sama nih film h jelek jelekin malah menang kasihan gw sama yg bikin nih film h ngelarin ana banyak bat bikin nih film malah;paling ngakak saya sama nih film h jelek jelekin bahkan menang kasihan saya sama yang bikin nih film h ngelarin ana banyak bat bikin nih film bahkan;paling ngakak sama nih film h jelek jelekin bahkan menang kasihan sama bikin nih film h ngelarin ana banyak bat bikin nih film bahkan"
"skrg masih ketawa bg tapera dr gaji lu wkwkwkw;skrg masih ketawa bg tapera dr gaji lu wkwkwkw;sekarang masih ketawa bg tapera dari gaji lu wkwkwkw;sekarang ketawa bg tapera gaji lu wkwkwkw"
"Tapera yang usulin PIP amp PKS dek;tapera yang usulin pip amp pks dek;tapera yang usulin pip amp pks dek;tapera usulin pip amp pks dek"
"syauqas rahmatillahPKS emang sialan dah usul Yg netapin siapa Pemerintah tetep PR Yakali pks punya kuasa segede itu buat ketok palu tapera Mayoritas parlemen aja engga Tambahin cari bang beritanya gih quot Pemerintah Akhirnya Akui Tapera Bakal ipinjam Negara ntuk Menutup efisit APBN quot oke gas oke gas;syauqas rahmatillahpks emang sialan dah usul yg netapin siapa pemerintah tetep pr yakali pks punya kuasa segede itu buat ketok palu tapera mayoritas parlemen aja engga tambahin cari bang beritanya gih quot pemerintah akhirnya akui tapera bakal ipinjam negara ntuk menutup efisit apbn quot oke gas oke gas;syauqas rahmatillahpks memang sialan sudah usul yang netapin siapa pemerintah tetap pr yakali pks punya kuasa segede itu buat ketok palu tapera mayoritas parlemen saja tidak tambahin cari bang beritanya gih quot pemerintah akhirnya akui tapera bakal ipinjam negara ntuk menutup efisit apbn quot oke gas oke gas;syauqas rahmatillahpks memang sialan usul netapin siapa pemerintah tetap pr yakali pks punya kuasa segede buat ketok palu tapera mayoritas parlemen tidak tambahin cari bang beritanya gih quot pemerintah akhirnya akui tapera bakal ipinjam negara ntuk menutup efisit apbn quot oke gas oke gas"
"jenchubaby Pemerintah resisten sama R Tapera tapi PKS amp PIP malah ngotot;jenchubaby pemerintah resisten sama r tapera tapi pks amp pip malah ngotot;jenchubaby pemerintah resisten sama r tapera tapi pks amp pip bahkan ngotot;jenchubaby pemerintah resisten sama r tapera pks amp pip bahkan ngotot"
"syauqas rahmatillah lah lupa kah di pdip penguasa bareng jokowi wkkwkw skrg yg lu sebut pemerintah siapa bang;syauqas rahmatillah lah lupa kah di pdip penguasa bareng jokowi wkkwkw skrg yg lu sebut pemerintah siapa bang;syauqas rahmatillah lah lupa kah di pdip penguasa bareng jokowi wkkwkw sekarang yang lu sebut pemerintah siapa bang;syauqas rahmatillah lah lupa di pdip penguasa bareng jokowi wkkwkw sekarang lu sebut pemerintah siapa bang"
"serem;serem;serem;serem"
"Aowkwowwowk udah dibikinin film tetep kalah kasian;aowkwowwowk udah dibikinin film tetep kalah kasian;aowkwowwowk sudah dibikinin film tetap kalah kasian;aowkwowwowk dibikinin film tetap kalah kasian"
"Siapa yg buta;siapa yg buta;siapa yang buta;siapa buta"
"? NatsukiJrpecundang;? natsukijrpecundang;? natsukijrpecundang;? natsukijrpecundang"
"Semuanya terbukti di sidang MK;semuanya terbukti di sidang mk;semuanya terbukti di sidang mk;semuanya terbukti sidang mk"
"Isinya anak abah semua;isinya anak abah semua;isinya anak abah semua;isinya anak abah semua"
"? NatsukiJr?? Lu kenapa tolol ari tadi gua liat komen lu di komentar orang lain cuma bisa ngetik buta Ni film gk ada bukti yang kuat cuma tuduhan kepada paslon Lagian kayak yang benar aja yang lu dukung sampe orang yang mengkritik paslon dukungan lu aja dibilang buta Hati hati mencari cari kesalahan orang hanya membuat lu gk lebih baik dari orang yang dicari kesalahannya lagian ama yakin lu bersih Gk ada kecurangan Lihat dari semua sisi jangan satu sisi doang salam kritis;? natsukijr?? lu kenapa tolol ari tadi gua liat komen lu di komentar orang lain cuma bisa ngetik buta ni film gk ada bukti yang kuat cuma tuduhan kepada paslon lagian kayak yang benar aja yang lu dukung sampe orang yang mengkritik paslon dukungan lu aja dibilang buta hati hati mencari cari kesalahan orang hanya membuat lu gk lebih baik dari orang yang dicari kesalahannya lagian ama yakin lu bersih gk ada kecurangan lihat dari semua sisi jangan satu sisi doang salam kritis;? natsukijr?? lu kenapa tolol ari tadi saya lihat komen lu di komentar orang lain cuma bisa mengetik buta ini film tidak ada bukti yang kuat cuma tuduhan kepada paslon lagian kayak yang benar saja yang lu dukung sampai orang yang mengkritik paslon dukungan lu saja dibilang buta hati hati mencari cari kesalahan orang hanya membuat lu tidak lebih baik dari orang yang dicari kesalahannya lagian sama yakin lu bersih tidak ada kecurangan lihat dari semua sisi jangan satu sisi saja salam kritis;? natsukijr?? lu tolol ari tadi lihat komen lu komentar orang cuma mengetik buta film ada bukti kuat cuma tuduhan paslon lagian kayak benar lu dukung orang mengkritik paslon dukungan lu dibilang buta hati hati mencari cari kesalahan orang membuat lu lebih baik orang yang dicari kesalahannya lagian sama yakin lu bersih ada kecurangan lihat semua sisi jangan satu sisi salam kritis"
"Yang bikin grup yang menyembah quot;yang bikin grup yang menyembah quot;yang bikin grup yang menyembah quot;bikin grup menyembah quot"
"NatsukiJr matamu buta;natsukijr matamu buta;natsukijr matamu buta;natsukijr matamu buta"
"Serius nanya ini film atau apaan kok gak ada adegan actionnya;serius nanya ini film atau apaan kok gak ada adegan actionnya;serius bertanya ini film atau apa kok tidak ada adegan actionnya;serius bertanya film apa kok ada adegan actionnya"
"Film tdk jelas Makax capres anda nyusep;film tdk jelas makax capres anda nyusep;film tidak jelas makax capres anda nyusep;film jelas makax capres nyusep"
"Cape bikin film tetep kalah;cape bikin film tetep kalah;capek bikin film tetap kalah;capek bikin film tetap kalah"
"a NCmE amp t a br BKTI NETRAL;a ncme amp t a br bkti netral;a ncme amp t a baru bkti netral;a ncme amp t a baru bkti netral"
"sejuta terima kasih atas ketekunan dan kejujuran kalian Perjuangan masih panjang Kita bergerak bersama;sejuta terima kasih atas ketekunan dan kejujuran kalian perjuangan masih panjang kita bergerak bersama;sejuta terima kasih atas ketekunan dan kejujuran kalian perjuangan masih panjang kita bergerak bersama;sejuta terima kasih atas ketekunan kejujuran kalian perjuangan panjang bergerak bersama"
"capek buat film yang ngejatuhin orang malah cuma dapet ?;capek buat film yang ngejatuhin orang malah cuma dapet ?;capek buat film yang ngejatuhin orang bahkan cuma dapat ?;capek buat film ngejatuhin orang bahkan cuma ?"
"Terbaik untuk penegakan hukum dan dinasti PAKAR HKM TERBAIK;terbaik untuk penegakan hukum dan dinasti pakar hkm terbaik;terbaik untuk penegakan hukum dan dinasti pakar hkm terbaik;terbaik penegakan hukum dinasti pakar hkm terbaik"
"Kebenaran akan menemukan jalannya sendiri tidak ada kezhaliman yg tak berakhir;kebenaran akan menemukan jalannya sendiri tidak ada kezhaliman yg tak berakhir;kebenaran akan menemukan jalannya sendiri tidak ada kezhaliman yang tidak berakhir;kebenaran menemukan jalannya sendiri ada kezhaliman tidak berakhir"
"Film op ik cokk gk jelas blas;film op ik cokk gk jelas blas;film op ik cokk tidak jelas balas;film op ik cokk jelas balas"
"itu kliping berita yang terjadi akhir akhir ini kalau sampean rajin membaca atau nonton berita sampean akan merasa kilas balik dalam beberapa tahun ini;itu kliping berita yang terjadi akhir akhir ini kalau sampean rajin membaca atau nonton berita sampean akan merasa kilas balik dalam beberapa tahun ini;itu kliping berita yang terjadi akhir akhir ini kalau sampean rajin membaca atau nonton berita sampean akan merasa kilas balik dalam beberapa tahun ini;kliping berita terjadi akhir akhir kalau sampean rajin membaca nonton berita sampean merasa kilas balik beberapa tahun"
"quot tolong jadikan film ini sebagai landasan untuk anda melakukan penghukuman quot maksa banget dijadikan pedoman hukum;quot tolong jadikan film ini sebagai landasan untuk anda melakukan penghukuman quot maksa banget dijadikan pedoman hukum;quot tolong jadikan film ini sebagai landasan untuk anda melakukan penghukuman quot maksa banget dijadikan pedoman hukum;quot jadikan film sebagai landasan anda melakukan penghukuman quot maksa banget dijadikan pedoman hukum"
"Nonton sidang MK gak semuanya terbukti jadi penghukuman;nonton sidang mk gak semuanya terbukti jadi penghukuman;nonton sidang mk tidak semuanya terbukti jadi penghukuman;nonton sidang mk semuanya terbukti jadi penghukuman"
"ahmadrozzaaq cukuplah sepenggal narasi rekam jejak gagasan debat capres sebagai bahan meluluhkan ambisi berebut kursi amp alasan menentukan pilihan pun sekaligus cendela buat melihat keaslian part mesin politik;ahmadrozzaaq cukuplah sepenggal narasi rekam jejak gagasan debat capres sebagai bahan meluluhkan ambisi berebut kursi amp alasan menentukan pilihan pun sekaligus cendela buat melihat keaslian part mesin politik;ahmadrozzaaq cukuplah sepenggal narasi rekam jejak gagasan debat capres sebagai bahan meluluhkan ambisi berebut kursi amp alasan menentukan pilihan pun sekaligus cendela buat melihat keaslian part mesin politik;ahmadrozzaaq cukuplah sepenggal narasi rekam jejak gagasan debat capres bahan meluluhkan ambisi berebut kursi amp alasan menentukan pilihan sekaligus cendela buat melihat keaslian part mesin politik"
"Menit papua pemekaran dari provinsi menjadi provinsi di tahun sedangkan Kalimantan tara pemekaran di tahun bedanya Kalimantan utara tidak bisa ikut pemilu di tahun dan bisa ikut pemilu di sedangkan di Papua langsung bisa ikut pemilu harusnya provinsi itu bisa ikut pemilu di kenapa bisa begitu Ya tanya aja pak lurah;menit papua pemekaran dari provinsi menjadi provinsi di tahun sedangkan kalimantan tara pemekaran di tahun bedanya kalimantan utara tidak bisa ikut pemilu di tahun dan bisa ikut pemilu di sedangkan di papua langsung bisa ikut pemilu harusnya provinsi itu bisa ikut pemilu di kenapa bisa begitu ya tanya aja pak lurah;menit papua pemekaran dari provinsi menjadi provinsi di tahun sedangkan kalimantan tara pemekaran di tahun bedanya kalimantan utara tidak bisa ikut pemilu di tahun dan bisa ikut pemilu di sedangkan di papua langsung bisa ikut pemilu harusnya provinsi itu bisa ikut pemilu di kenapa bisa begitu ya tanya saja pak lurah;menit papua pemekaran provinsi menjadi provinsi tahun kalimantan tara pemekaran tahun bedanya kalimantan utara ikut pemilu tahun ikut pemilu sedangkan papua langsung bisa ikut pemilu harusnya provinsi bisa ikut pemilu kenapa bisa begitu tanya pak lurah"
"Sampaikanlah kebenaran itu walaupun pahit dan pasti kebenaran itu pasti MENANG Aamiin;sampaikanlah kebenaran itu walaupun pahit dan pasti kebenaran itu pasti menang aamiin;sampaikanlah kebenaran itu walaupun pahit dan pasti kebenaran itu pasti menang aamiin;sampaikanlah kebenaran walaupun pahit pasti kebenaran pasti menang aamiin"
"Semoga selalu sehat ORANG ORANG BAIK AN PEMBERANI;semoga selalu sehat orang orang baik an pemberani;semoga selalu sehat orang orang baik an pemberani;semoga selalu sehat orang orang baik an pemberani"
